<?xml version="1.0" encoding="UTF-8"?>
<!-- 多环境分级别异步文件日志输出配置 -->
<configuration debug="false">
    <!-- 日志级别 -->
    <property name="log.level" value="DEBUG"/>
    <!--日志文件的存储地址，勿在 LogBack 的配置中使用相对路径-->
    <property name="log.root" value="/output/logs"/>
    <!-- 日志名称 -->
    <property name="log.name" value="hdw-dubbo-monitor"/>
    <!--格式化输出：%d表示日期，%thread表示线程名，%-5level：级别从左显示5个字符宽度%msg：日志消息，%n是换行符-->
    <property name="log.pattern" value="%d{'yyyy-MM-dd HH:mm:ss.SSS',GMT+8:00} %level [%thread] %logger{50} - %msg%n"/>
    <!-- 活动文件的大小 -->
    <property name="max.file.size" value="500MB"/>
    <!-- 保留的归档文件的最大数量 -->
    <property name="max.history" value="30"/>
    <!-- 控制所有归档日志文件的总大小 -->
    <property name="total.size.cap" value="10GB"/>
    <!-- 异步缓冲队列的深度,该值会影响性能.默认值为256 -->
    <property name="queueSize" value="512"/>

    <!-- 控制台输出 -->
    <appender name="STDOUT" class="ch.qos.logback.core.ConsoleAppender">
        <encoder class="ch.qos.logback.classic.encoder.PatternLayoutEncoder">
            <pattern>%d{'yyyy-MM-dd HH:mm:ss.SSS',GMT+8:00} %green(%-5level) %magenta([%thread]) %cyan(%logger{50}) - %msg%n</pattern>
            <charset>UTF-8</charset>
        </encoder>
    </appender>

    <!-- DEBUG日志 -->
    <appender name="DEBUG_FILE" class="ch.qos.logback.core.rolling.RollingFileAppender">
        <file>${log.root}/${log.name}.debug.log</file>
        <filter class="ch.qos.logback.classic.filter.LevelFilter">
            <level>DEBUG</level>
            <onMatch>ACCEPT</onMatch>
            <onMismatch>DENY</onMismatch>
        </filter>
        <rollingPolicy class="ch.qos.logback.core.rolling.SizeAndTimeBasedRollingPolicy">
            <fileNamePattern>${log.root}/${log.name}.debug.%d{yyyy-MM-dd}.%i.log</fileNamePattern>
            <maxFileSize>${max.file.size}</maxFileSize>
            <maxHistory>${max.history}</maxHistory>
            <totalSizeCap>${total.size.cap}</totalSizeCap>
            <cleanHistoryOnStart>true</cleanHistoryOnStart>
        </rollingPolicy>
        <encoder class="ch.qos.logback.classic.encoder.PatternLayoutEncoder">
            <pattern>${log.pattern}</pattern>
            <charset>UTF-8</charset>
        </encoder>
    </appender>

    <!-- INFO日志 -->
    <appender name="INFO_FILE" class="ch.qos.logback.core.rolling.RollingFileAppender">
        <file>${log.root}/${log.name}.info.log</file>
        <filter class="ch.qos.logback.classic.filter.LevelFilter">
            <level>INFO</level>
            <onMatch>ACCEPT</onMatch>
            <onMismatch>DENY</onMismatch>
        </filter>
        <rollingPolicy class="ch.qos.logback.core.rolling.SizeAndTimeBasedRollingPolicy">
            <fileNamePattern>${log.root}/${log.name}.info.%d{yyyy-MM-dd}.%i.log</fileNamePattern>
            <maxFileSize>${max.file.size}</maxFileSize>
            <maxHistory>${max.history}</maxHistory>
            <totalSizeCap>${total.size.cap}</totalSizeCap>
            <cleanHistoryOnStart>true</cleanHistoryOnStart>
        </rollingPolicy>
        <encoder class="ch.qos.logback.classic.encoder.PatternLayoutEncoder">
            <pattern>${log.pattern}</pattern>
            <charset>UTF-8</charset>
        </encoder>
    </appender>

    <!-- ERROR日志 -->
    <appender name="ERROR_FILE" class="ch.qos.logback.core.rolling.RollingFileAppender">
        <file>${log.root}/${log.name}.error.log</file>
        <filter class="ch.qos.logback.classic.filter.LevelFilter">
            <level>ERROR</level>
            <onMatch>ACCEPT</onMatch>
            <onMismatch>DENY</onMismatch>
        </filter>
        <rollingPolicy class="ch.qos.logback.core.rolling.SizeAndTimeBasedRollingPolicy">
            <fileNamePattern>${log.root}/${log.name}.error.%d{yyyy-MM-dd}.%i.log</fileNamePattern>
            <maxFileSize>${max.file.size}</maxFileSize>
            <maxHistory>${max.history}</maxHistory>
            <totalSizeCap>${total.size.cap}</totalSizeCap>
            <cleanHistoryOnStart>true</cleanHistoryOnStart>
        </rollingPolicy>
        <encoder class="ch.qos.logback.classic.encoder.PatternLayoutEncoder">
            <pattern>${log.pattern}</pattern>
            <charset>UTF-8</charset>
        </encoder>
    </appender>

    <appender name="ASYNC_LOG_DEBUG" class="ch.qos.logback.classic.AsyncAppender">
        <!-- 不丢失日志.默认的,如果队列的80%已满,则会丢弃TRACT、DEBUG、INFO级别的日志 -->
        <discardingThreshold>0</discardingThreshold>
        <!-- 更改默认的队列的深度,该值会影响性能.默认值为256 -->
        <queueSize>${queueSize}</queueSize>
        <appender-ref ref="DEBUG_FILE"/>
    </appender>

    <appender name="ASYNC_LOG_INFO" class="ch.qos.logback.classic.AsyncAppender">
        <!-- 不丢失日志.默认的,如果队列的80%已满,则会丢弃TRACT、DEBUG、INFO级别的日志 -->
        <discardingThreshold>0</discardingThreshold>
        <!-- 更改默认的队列的深度,该值会影响性能.默认值为256 -->
        <queueSize>${queueSize}</queueSize>
        <appender-ref ref="INFO_FILE"/>
    </appender>

    <appender name="ASYNC_LOG_ERROR" class="ch.qos.logback.classic.AsyncAppender">
        <!-- 不丢失日志.默认的,如果队列的80%已满,则会丢弃TRACT、DEBUG、INFO级别的日志 -->
        <discardingThreshold>0</discardingThreshold>
        <!-- 更改默认的队列的深度,该值会影响性能.默认值为256 -->
        <queueSize>${queueSize}</queueSize>
        <appender-ref ref="ERROR_FILE"/>
    </appender>

    <!--mybatis log-->
    <logger name="java.sql.Connection" level="DEBUG"/>
    <logger name="java.sql.Statement" level="DEBUG"/>
    <logger name="java.sql.PreparedStatement" level="DEBUG"/>
    <logger name="druid.sql" level="INFO"/>
    <logger name="com.tml" level="INFO"/>


    <springProfile name="dev">
        <root level="${log.level}">
            <appender-ref ref="STDOUT"/>
        </root>
    </springProfile>

    <springProfile name="prod">
        <root level="${log.level}">
            <appender-ref ref="STDOUT"/>
            <appender-ref ref="ASYNC_LOG_DEBUG"/>
            <appender-ref ref="ASYNC_LOG_INFO"/>
            <appender-ref ref="ASYNC_LOG_ERROR"/>
        </root>
    </springProfile>

    <springProfile name="test">
        <root level="${log.level}">
            <appender-ref ref="STDOUT"/>
            <appender-ref ref="ASYNC_LOG_DEBUG"/>
            <appender-ref ref="ASYNC_LOG_INFO"/>
            <appender-ref ref="ASYNC_LOG_ERROR"/>
        </root>
    </springProfile>

</configuration>