<?xml version="1.0" encoding="UTF-8"?>
<!DOCTYPE mapper PUBLIC "-//mybatis.org//DTD Mapper 3.0//EN" "http://mybatis.org/dtd/mybatis-3-mapper.dtd">

<mapper namespace="com.hdw.system.mapper.SysLogMapper">

    <!-- 通用查询映射结果 -->
    <resultMap id="BaseCommonResult" type="com.hdw.system.entity.SysLog">
        <result column="id" property="id"/>
        <result column="login_name" property="loginName"/>
        <result column="log_type" property="logType"/>
        <result column="log_content" property="logContent"/>
        <result column="operate_type" property="operateType"/>
        <result column="class_name" property="className"/>
        <result column="method" property="method"/>
        <result column="params" property="params"/>
        <result column="time" property="time"/>
        <result column="client_ip" property="clientIp"/>
        <result column="create_time" property="createTime"/>
    </resultMap>

    <!-- 多表分页信息查询 -->
    <select id="pageList" resultMap="BaseCommonResult">
        SELECT
        t.id,
        t.login_name,
        t.log_type,
        t.log_content,
        t.operate_type,
        t.class_name,
        t.method,
        t.params,
        t.time,
        t.client_ip,
        t.create_time
        FROM
        t_sys_log t
        <where>
            <if test="ew.key!=null and ew.key!=''">
                t.login_name like concat('%',#{ew.key},'%')
            </if>
            <if test="ew.loginName!=null and ew.loginName!=''">
                and t.login_name =#{ew.loginName}
            </if>
            <if test="ew.logType!=null and ew.logType!=''">
                and t.log_type =#{ew.logType}
            </if>
            <if test=" ew.startTime != null and ew.startTime !='' and ew.endTime !=null and ew.endTime!=''">
                and t.create_time between #{ew.startTime} and #{ew.endTime}
            </if>
        </where>
        order by t.create_time desc
    </select>

</mapper>