<?xml version="1.0" encoding="UTF-8"?>
<!DOCTYPE mapper PUBLIC "-//mybatis.org//DTD Mapper 3.0//EN" "http://mybatis.org/dtd/mybatis-3-mapper.dtd">

<mapper namespace="com.hdw.system.mapper.SysUserRoleMapper">

    <!-- 通用查询映射结果 -->
    <resultMap id="BaseCommonResult" type="com.hdw.system.entity.SysUserRole">
        <result column="id" property="id"/>
        <result column="user_id" property="userId"/>
        <result column="role_id" property="roleId"/>
    </resultMap>

    <delete id="deleteBatchByUserIds">
        delete from t_sys_user_role where user_id in
        <foreach item="userId" collection="array" open="(" separator="," close=")">
            #{userId}
        </foreach>
    </delete>

    <delete id="deleteBatchByRoleIds">
        delete from t_sys_user_role where role_id in
        <foreach item="roleId" collection="array" open="(" separator="," close=")">
            #{roleId}
        </foreach>
    </delete>


</mapper>